{"stats":{"minecraft:killed":{"minecraft:spider":2,"minecraft:trader_llama":1,"minecraft:zombie":1},"minecraft:crafted":{"minecraft:dripstone_block":64,"minecraft:oak_door":3,"minecraft:oak_planks":1000,"minecraft:wooden_shovel":3,"minecraft:raw_iron":26,"minecraft:stone_shovel":2,"minecraft:crafting_table":2,"minecraft:wooden_pickaxe":2,"minecraft:pointed_dripstone":256,"minecraft:iron_helmet":1,"minecraft:furnace":1,"minecraft:pufferfish_bucket":4,"minecraft:stone_axe":2,"minecraft:air":0,"minecraft:beetroot_seeds":6,"minecraft:oak_boat":1,"minecraft:iron_boots":1,"minecraft:iron_chestplate":1,"minecraft:shield":1,"minecraft:iron_axe":1,"minecraft:stick":72,"minecraft:melon_seeds":2,"minecraft:iron_hoe":1,"minecraft:slime_ball":9,"minecraft:iron_ingot":119,"minecraft:iron_pickaxe":13,"minecraft:stone_pickaxe":9,"minecraft:wooden_axe":2,"minecraft:chest":4,"minecraft:iron_leggings":1,"minecraft:torch":52,"minecraft:carrot":22,"minecraft:clay":59},"minecraft:dropped":{"minecraft:moss_block":9,"minecraft:dripstone_block":2,"minecraft:cobblestone":64,"minecraft:torch":3,"minecraft:beetroot_seeds":6,"minecraft:wooden_axe":1,"minecraft:wooden_shovel":1,"minecraft:iron_pickaxe":1},"minecraft:picked_up":{"minecraft:mud":238,"minecraft:crafting_table":2,"minecraft:clay_ball":336,"minecraft:water_bucket":2,"minecraft:andesite":78,"minecraft:leather":1,"minecraft:lead":1,"minecraft:oak_log":300,"minecraft:string":4,"minecraft:lapis_lazuli":210,"minecraft:dirt":738,"minecraft:raw_copper":168,"minecraft:apple":2,"minecraft:cobbled_deepslate":26,"minecraft:raw_gold":31,"minecraft:iron_ingot":29,"minecraft:oak_boat":1,"minecraft:iron_pickaxe":1,"minecraft:moss_block":454,"minecraft:chest":4,"minecraft:oak_planks":23,"minecraft:furnace":1,"minecraft:stick":9,"minecraft:raw_iron":140,"minecraft:torch":6,"minecraft:dripstone_block":188,"minecraft:spruce_sapling":19,"minecraft:diorite":64,"minecraft:carrot":27,"minecraft:redstone":155,"minecraft:spider_eye":4,"minecraft:slime_ball":11,"minecraft:diamond":17,"minecraft:beetroot_seeds":12,"minecraft:stone_axe":1,"minecraft:granite":67,"minecraft:emerald":39,"minecraft:oak_sapling":14,"minecraft:melon_seeds":2,"minecraft:coal":187,"minecraft:cobblestone":707},"minecraft:used":{"minecraft:moss_block":29,"minecraft:water_bucket":42,"minecraft:stone_shovel":238,"minecraft:stone_pickaxe":1179,"minecraft:oak_planks":539,"minecraft:wooden_pickaxe":118,"minecraft:chest":8,"minecraft:shield":6,"minecraft:wooden_shovel":157,"minecraft:oak_door":3,"minecraft:torch":22,"minecraft:dirt":251,"minecraft:crafting_table":4,"minecraft:carrot":31,"minecraft:granite":11,"minecraft:oak_log":16,"minecraft:iron_hoe":18,"minecraft:mud":48,"minecraft:wooden_axe":84,"minecraft:iron_pickaxe":1111,"minecraft:stone_axe":124,"minecraft:pufferfish_bucket":4,"minecraft:oak_sapling":1,"minecraft:furnace":2,"minecraft:bucket":42,"minecraft:oak_boat":2},"minecraft:mined":{"minecraft:deepslate_redstone_ore":19,"minecraft:deepslate_diamond_ore":18,"minecraft:clay":70,"minecraft:crafting_table":2,"minecraft:granite":50,"minecraft:grass_block":568,"minecraft:chest":4,"minecraft:copper_ore":24,"minecraft:deepslate_coal_ore":23,"minecraft:deepslate_gold_ore":21,"minecraft:spruce_leaves":184,"minecraft:lapis_ore":12,"minecraft:oak_planks":26,"minecraft:moss_block":275,"minecraft:diorite":46,"minecraft:deepslate_copper_ore":27,"minecraft:redstone_ore":15,"minecraft:furnace":1,"minecraft:carrots":2,"minecraft:mud":204,"minecraft:iron_ore":105,"minecraft:andesite":58,"minecraft:deepslate_lapis_ore":20,"minecraft:coal_ore":106,"minecraft:oak_log":306,"minecraft:deepslate_iron_ore":27,"minecraft:dirt":29,"minecraft:dripstone_block":117,"minecraft:stone":490,"minecraft:deepslate_emerald_ore":39,"minecraft:gold_ore":10,"minecraft:oak_leaves":161,"minecraft:deepslate":26},"minecraft:broken":{"minecraft:stone_pickaxe":9,"minecraft:wooden_shovel":2,"minecraft:iron_pickaxe":3,"minecraft:wooden_axe":1,"minecraft:stone_shovel":1,"minecraft:wooden_pickaxe":2},"minecraft:custom":{"minecraft:interact_with_furnace":27,"minecraft:mob_kills":4,"minecraft:traded_with_villager":18,"minecraft:interact_with_crafting_table":36,"minecraft:leave_game":5,"minecraft:time_since_death":156887,"minecraft:time_since_rest":156887,"minecraft:sprint_one_cm":169776,"minecraft:damage_taken":90,"minecraft:walk_one_cm":200148,"minecraft:damage_blocked_by_shield":120,"minecraft:drop":17,"minecraft:damage_dealt":808,"minecraft:talked_to_villager":53,"minecraft:fly_one_cm":61423,"minecraft:open_chest":91,"minecraft:crouch_one_cm":57244,"minecraft:play_time":156887,"minecraft:sneak_time":13740,"minecraft:boat_one_cm":16158,"minecraft:jump":559,"minecraft:walk_on_water_one_cm":3314,"minecraft:total_world_time":156887,"minecraft:fall_one_cm":5484}},"DataVersion":3955}