{"stats":{"minecraft:killed":{"minecraft:spider":2,"minecraft:trader_llama":1,"minecraft:zombie":1},"minecraft:crafted":{"minecraft:dripstone_block":64,"minecraft:oak_door":3,"minecraft:oak_planks":1000,"minecraft:wooden_shovel":3,"minecraft:raw_iron":26,"minecraft:stone_shovel":2,"minecraft:crafting_table":2,"minecraft:wooden_pickaxe":2,"minecraft:pointed_dripstone":256,"minecraft:iron_helmet":1,"minecraft:furnace":1,"minecraft:pufferfish_bucket":4,"minecraft:stone_axe":2,"minecraft:air":0,"minecraft:beetroot_seeds":6,"minecraft:oak_boat":1,"minecraft:iron_boots":1,"minecraft:iron_chestplate":1,"minecraft:shield":1,"minecraft:iron_axe":1,"minecraft:stick":72,"minecraft:melon_seeds":2,"minecraft:iron_hoe":1,"minecraft:slime_ball":9,"minecraft:iron_ingot":119,"minecraft:iron_pickaxe":13,"minecraft:stone_pickaxe":9,"minecraft:wooden_axe":2,"minecraft:chest":4,"minecraft:iron_leggings":1,"minecraft:torch":52,"minecraft:carrot":22,"minecraft:clay":59},"minecraft:dropped":{"minecraft:moss_block":9,"minecraft:dripstone_block":2,"minecraft:cobblestone":64,"minecraft:torch":3,"minecraft:beetroot_seeds":6,"minecraft:wooden_axe":1,"minecraft:wooden_shovel":1,"minecraft:iron_pickaxe":1},"minecraft:picked_up":{"minecraft:mud":250,"minecraft:crafting_table":2,"minecraft:clay_ball":400,"minecraft:water_bucket":2,"minecraft:andesite":97,"minecraft:leather":1,"minecraft:lead":1,"minecraft:oak_log":335,"minecraft:string":4,"minecraft:lapis_lazuli":316,"minecraft:dirt":787,"minecraft:raw_copper":231,"minecraft:apple":2,"minecraft:cobbled_deepslate":48,"minecraft:raw_gold":51,"minecraft:iron_ingot":29,"minecraft:oak_boat":1,"minecraft:iron_pickaxe":1,"minecraft:moss_block":476,"minecraft:chest":4,"minecraft:oak_planks":23,"minecraft:furnace":1,"minecraft:stick":12,"minecraft:raw_iron":157,"minecraft:torch":6,"minecraft:dripstone_block":207,"minecraft:spruce_sapling":21,"minecraft:diorite":78,"minecraft:carrot":27,"minecraft:redstone":216,"minecraft:spider_eye":4,"minecraft:slime_ball":11,"minecraft:diamond":35,"minecraft:beetroot_seeds":12,"minecraft:stone_axe":1,"minecraft:granite":86,"minecraft:emerald":53,"minecraft:oak_sapling":15,"minecraft:melon_seeds":2,"minecraft:coal":203,"minecraft:cobblestone":769},"minecraft:used":{"minecraft:moss_block":29,"minecraft:water_bucket":42,"minecraft:stone_shovel":238,"minecraft:stone_pickaxe":1179,"minecraft:oak_planks":539,"minecraft:wooden_pickaxe":118,"minecraft:chest":8,"minecraft:shield":6,"minecraft:wooden_shovel":157,"minecraft:oak_door":3,"minecraft:torch":22,"minecraft:dirt":251,"minecraft:crafting_table":4,"minecraft:carrot":31,"minecraft:granite":11,"minecraft:oak_log":16,"minecraft:iron_hoe":18,"minecraft:mud":48,"minecraft:wooden_axe":84,"minecraft:iron_pickaxe":1575,"minecraft:stone_axe":124,"minecraft:pufferfish_bucket":4,"minecraft:oak_sapling":1,"minecraft:furnace":2,"minecraft:bucket":42,"minecraft:oak_boat":2},"minecraft:mined":{"minecraft:deepslate_redstone_ore":35,"minecraft:soul_sand":2,"minecraft:deepslate_diamond_ore":35,"minecraft:clay":89,"minecraft:crafting_table":2,"minecraft:granite":69,"minecraft:grass_block":617,"minecraft:chest":4,"minecraft:nether_quartz_ore":3,"minecraft:copper_ore":24,"minecraft:deepslate_coal_ore":39,"minecraft:deepslate_gold_ore":41,"minecraft:spruce_leaves":198,"minecraft:lapis_ore":12,"minecraft:oak_planks":26,"minecraft:moss_block":297,"minecraft:diorite":60,"minecraft:deepslate_copper_ore":42,"minecraft:redstone_ore":15,"minecraft:glowstone":1,"minecraft:furnace":1,"minecraft:carrots":2,"minecraft:mud":216,"minecraft:iron_ore":105,"minecraft:andesite":77,"minecraft:deepslate_lapis_ore":36,"minecraft:coal_ore":106,"minecraft:oak_log":341,"minecraft:deepslate_iron_ore":44,"minecraft:dirt":29,"minecraft:dripstone_block":136,"minecraft:stone":552,"minecraft:deepslate_emerald_ore":53,"minecraft:gold_ore":10,"minecraft:oak_leaves":182,"minecraft:deepslate":48},"minecraft:broken":{"minecraft:stone_pickaxe":9,"minecraft:wooden_shovel":2,"minecraft:iron_pickaxe":4,"minecraft:wooden_axe":1,"minecraft:stone_shovel":1,"minecraft:wooden_pickaxe":2},"minecraft:custom":{"minecraft:interact_with_furnace":27,"minecraft:mob_kills":4,"minecraft:traded_with_villager":18,"minecraft:interact_with_crafting_table":36,"minecraft:leave_game":5,"minecraft:time_since_death":168887,"minecraft:time_since_rest":168887,"minecraft:sprint_one_cm":170022,"minecraft:damage_taken":90,"minecraft:walk_one_cm":200730,"minecraft:damage_blocked_by_shield":120,"minecraft:drop":17,"minecraft:damage_dealt":808,"minecraft:talked_to_villager":53,"minecraft:fly_one_cm":63228,"minecraft:open_chest":91,"minecraft:crouch_one_cm":57244,"minecraft:play_time":168887,"minecraft:sneak_time":13740,"minecraft:boat_one_cm":16158,"minecraft:jump":570,"minecraft:walk_on_water_one_cm":3314,"minecraft:total_world_time":168887,"minecraft:fall_one_cm":5693}},"DataVersion":3955}