{"stats":{"minecraft:killed":{"minecraft:spider":2,"minecraft:trader_llama":1,"minecraft:zombie":1},"minecraft:crafted":{"minecraft:dripstone_block":64,"minecraft:oak_door":3,"minecraft:oak_planks":1000,"minecraft:wooden_shovel":3,"minecraft:raw_iron":26,"minecraft:stone_shovel":2,"minecraft:crafting_table":2,"minecraft:wooden_pickaxe":2,"minecraft:pointed_dripstone":256,"minecraft:iron_helmet":1,"minecraft:furnace":1,"minecraft:pufferfish_bucket":4,"minecraft:stone_axe":2,"minecraft:air":0,"minecraft:beetroot_seeds":6,"minecraft:oak_boat":1,"minecraft:iron_boots":1,"minecraft:iron_chestplate":1,"minecraft:shield":1,"minecraft:iron_axe":1,"minecraft:stick":72,"minecraft:melon_seeds":2,"minecraft:iron_hoe":1,"minecraft:slime_ball":9,"minecraft:iron_ingot":96,"minecraft:iron_pickaxe":5,"minecraft:stone_pickaxe":9,"minecraft:wooden_axe":2,"minecraft:chest":2,"minecraft:iron_leggings":1,"minecraft:torch":52,"minecraft:carrot":22,"minecraft:clay":36},"minecraft:dropped":{"minecraft:moss_block":9,"minecraft:dripstone_block":2,"minecraft:cobblestone":64,"minecraft:torch":3,"minecraft:beetroot_seeds":6,"minecraft:wooden_axe":1,"minecraft:wooden_shovel":1},"minecraft:picked_up":{"minecraft:mud":226,"minecraft:crafting_table":2,"minecraft:clay_ball":264,"minecraft:water_bucket":2,"minecraft:andesite":64,"minecraft:leather":1,"minecraft:lead":1,"minecraft:oak_log":282,"minecraft:string":4,"minecraft:lapis_lazuli":157,"minecraft:dirt":686,"minecraft:raw_copper":124,"minecraft:apple":2,"minecraft:cobbled_deepslate":10,"minecraft:raw_gold":21,"minecraft:iron_ingot":29,"minecraft:oak_boat":1,"minecraft:moss_block":432,"minecraft:chest":4,"minecraft:oak_planks":23,"minecraft:furnace":1,"minecraft:stick":9,"minecraft:raw_iron":127,"minecraft:torch":6,"minecraft:dripstone_block":181,"minecraft:spruce_sapling":19,"minecraft:diorite":56,"minecraft:carrot":18,"minecraft:redstone":104,"minecraft:spider_eye":4,"minecraft:slime_ball":11,"minecraft:diamond":4,"minecraft:beetroot_seeds":12,"minecraft:stone_axe":1,"minecraft:granite":61,"minecraft:emerald":16,"minecraft:oak_sapling":14,"minecraft:melon_seeds":2,"minecraft:coal":175,"minecraft:cobblestone":659},"minecraft:used":{"minecraft:moss_block":29,"minecraft:water_bucket":42,"minecraft:stone_shovel":238,"minecraft:stone_pickaxe":1179,"minecraft:oak_planks":539,"minecraft:wooden_pickaxe":118,"minecraft:chest":6,"minecraft:shield":6,"minecraft:wooden_shovel":157,"minecraft:oak_door":3,"minecraft:torch":22,"minecraft:dirt":251,"minecraft:crafting_table":4,"minecraft:carrot":22,"minecraft:granite":11,"minecraft:oak_log":16,"minecraft:iron_hoe":13,"minecraft:mud":48,"minecraft:wooden_axe":84,"minecraft:iron_pickaxe":757,"minecraft:stone_axe":124,"minecraft:pufferfish_bucket":4,"minecraft:oak_sapling":1,"minecraft:furnace":2,"minecraft:bucket":42,"minecraft:oak_boat":2},"minecraft:mined":{"minecraft:deepslate_redstone_ore":8,"minecraft:deepslate_diamond_ore":5,"minecraft:clay":52,"minecraft:crafting_table":2,"minecraft:granite":44,"minecraft:grass_block":516,"minecraft:chest":4,"minecraft:copper_ore":24,"minecraft:deepslate_coal_ore":11,"minecraft:deepslate_gold_ore":11,"minecraft:spruce_leaves":172,"minecraft:lapis_ore":12,"minecraft:oak_planks":26,"minecraft:moss_block":253,"minecraft:diorite":38,"minecraft:deepslate_copper_ore":11,"minecraft:redstone_ore":15,"minecraft:furnace":1,"minecraft:mud":192,"minecraft:iron_ore":105,"minecraft:andesite":44,"minecraft:deepslate_lapis_ore":12,"minecraft:coal_ore":106,"minecraft:oak_log":288,"minecraft:deepslate_iron_ore":14,"minecraft:dirt":29,"minecraft:dripstone_block":110,"minecraft:stone":442,"minecraft:deepslate_emerald_ore":16,"minecraft:gold_ore":10,"minecraft:oak_leaves":146,"minecraft:deepslate":10},"minecraft:broken":{"minecraft:stone_pickaxe":9,"minecraft:wooden_shovel":2,"minecraft:iron_pickaxe":2,"minecraft:wooden_axe":1,"minecraft:stone_shovel":1,"minecraft:wooden_pickaxe":2},"minecraft:custom":{"minecraft:interact_with_furnace":25,"minecraft:mob_kills":4,"minecraft:traded_with_villager":18,"minecraft:interact_with_crafting_table":33,"minecraft:leave_game":5,"minecraft:time_since_death":144887,"minecraft:time_since_rest":144887,"minecraft:sprint_one_cm":160546,"minecraft:damage_taken":90,"minecraft:walk_one_cm":196094,"minecraft:damage_blocked_by_shield":120,"minecraft:drop":16,"minecraft:damage_dealt":808,"minecraft:talked_to_villager":51,"minecraft:fly_one_cm":53868,"minecraft:open_chest":84,"minecraft:crouch_one_cm":57151,"minecraft:play_time":144887,"minecraft:sneak_time":13679,"minecraft:boat_one_cm":16158,"minecraft:jump":519,"minecraft:walk_on_water_one_cm":3314,"minecraft:total_world_time":144887,"minecraft:fall_one_cm":5008}},"DataVersion":3955}