{"stats":{"minecraft:killed":{"minecraft:spider":2,"minecraft:trader_llama":1,"minecraft:zombie":1},"minecraft:crafted":{"minecraft:oak_door":3,"minecraft:oak_planks":1000,"minecraft:raw_iron":44,"minecraft:stone_shovel":2,"minecraft:pointed_dripstone":256,"minecraft:furnace":1,"minecraft:pufferfish_bucket":4,"minecraft:raw_copper_block":25,"minecraft:potato":10,"minecraft:diamond_block":3,"minecraft:iron_boots":1,"minecraft:iron_axe":1,"minecraft:melon_seeds":2,"minecraft:iron_hoe":1,"minecraft:slime_ball":9,"minecraft:stone_pickaxe":9,"minecraft:chest":4,"minecraft:redstone_block":25,"minecraft:raw_iron_block":2,"minecraft:dripstone_block":64,"minecraft:wooden_shovel":3,"minecraft:crafting_table":2,"minecraft:wooden_pickaxe":2,"minecraft:iron_helmet":1,"minecraft:raw_gold_block":5,"minecraft:wheat_seeds":16,"minecraft:stone_axe":2,"minecraft:air":0,"minecraft:beetroot_seeds":6,"minecraft:oak_boat":1,"minecraft:iron_chestplate":1,"minecraft:diamond_pickaxe":4,"minecraft:emerald_block":5,"minecraft:shield":1,"minecraft:stick":104,"minecraft:iron_pickaxe":14,"minecraft:iron_ingot":119,"minecraft:wooden_axe":2,"minecraft:iron_block":7,"minecraft:iron_leggings":1,"minecraft:torch":52,"minecraft:carrot":22,"minecraft:clay":59,"minecraft:lapis_block":35},"minecraft:dropped":{"minecraft:moss_block":9,"minecraft:dripstone_block":2,"minecraft:cobblestone":64,"minecraft:torch":3,"minecraft:wooden_axe":1,"minecraft:iron_pickaxe":2,"minecraft:beetroot_seeds":6,"minecraft:wooden_shovel":1},"minecraft:picked_up":{"minecraft:mud":265,"minecraft:crafting_table":2,"minecraft:clay_ball":448,"minecraft:lead":1,"minecraft:string":4,"minecraft:raw_copper":252,"minecraft:gold_nugget":9,"minecraft:cobbled_deepslate":59,"minecraft:oak_boat":1,"minecraft:iron_pickaxe":2,"minecraft:chest":4,"minecraft:furnace":1,"minecraft:stick":12,"minecraft:raw_iron":171,"minecraft:torch":6,"minecraft:diorite":84,"minecraft:carrot":27,"minecraft:redstone":263,"minecraft:beetroot_seeds":12,"minecraft:cobblestone":808,"minecraft:water_bucket":2,"minecraft:andesite":105,"minecraft:leather":1,"minecraft:oak_log":349,"minecraft:ancient_debris":5,"minecraft:lapis_lazuli":365,"minecraft:dirt":822,"minecraft:apple":2,"minecraft:raw_gold":61,"minecraft:iron_ingot":29,"minecraft:glowstone_dust":19,"minecraft:moss_block":487,"minecraft:oak_planks":23,"minecraft:soul_sand":9,"minecraft:quartz":10,"minecraft:dripstone_block":217,"minecraft:spruce_sapling":21,"minecraft:spider_eye":4,"minecraft:slime_ball":11,"minecraft:diamond":51,"minecraft:stone_axe":1,"minecraft:granite":95,"minecraft:emerald":69,"minecraft:melon_seeds":2,"minecraft:oak_sapling":16,"minecraft:netherrack":8,"minecraft:coal":209},"minecraft:used":{"minecraft:moss_block":29,"minecraft:stone_shovel":238,"minecraft:chest":8,"minecraft:shield":6,"minecraft:wooden_shovel":157,"minecraft:oak_door":3,"minecraft:torch":22,"minecraft:dirt":251,"minecraft:carrot":31,"minecraft:granite":11,"minecraft:iron_hoe":18,"minecraft:wooden_axe":84,"minecraft:furnace":2,"minecraft:oak_sapling":1,"minecraft:water_bucket":42,"minecraft:stone_pickaxe":1179,"minecraft:oak_planks":539,"minecraft:wooden_pickaxe":118,"minecraft:crafting_table":4,"minecraft:oak_log":16,"minecraft:mud":48,"minecraft:diamond_pickaxe":212,"minecraft:iron_pickaxe":1675,"minecraft:stone_axe":124,"minecraft:pufferfish_bucket":4,"minecraft:bucket":42,"minecraft:oak_boat":2},"minecraft:mined":{"minecraft:nether_gold_ore":3,"minecraft:deepslate_diamond_ore":51,"minecraft:granite":78,"minecraft:grass_block":652,"minecraft:spruce_leaves":210,"minecraft:moss_block":308,"minecraft:redstone_ore":15,"minecraft:glowstone":6,"minecraft:furnace":1,"minecraft:carrots":2,"minecraft:iron_ore":105,"minecraft:andesite":85,"minecraft:deepslate_lapis_ore":42,"minecraft:deepslate_iron_ore":58,"minecraft:stone":591,"minecraft:deepslate_redstone_ore":44,"minecraft:soul_sand":9,"minecraft:crafting_table":2,"minecraft:clay":98,"minecraft:chest":4,"minecraft:nether_quartz_ore":10,"minecraft:copper_ore":24,"minecraft:deepslate_coal_ore":45,"minecraft:lapis_ore":12,"minecraft:deepslate_gold_ore":51,"minecraft:oak_planks":26,"minecraft:diorite":66,"minecraft:deepslate_copper_ore":48,"minecraft:mud":231,"minecraft:oak_log":355,"minecraft:coal_ore":106,"minecraft:dripstone_block":146,"minecraft:dirt":29,"minecraft:oak_leaves":196,"minecraft:netherrack":8,"minecraft:ancient_debris":5,"minecraft:gold_ore":10,"minecraft:deepslate_emerald_ore":69,"minecraft:deepslate":59},"minecraft:broken":{"minecraft:wooden_shovel":2,"minecraft:wooden_pickaxe":2,"minecraft:stone_pickaxe":9,"minecraft:iron_pickaxe":4,"minecraft:wooden_axe":1,"minecraft:stone_shovel":1},"minecraft:custom":{"minecraft:mob_kills":4,"minecraft:interact_with_crafting_table":40,"minecraft:leave_game":6,"minecraft:time_since_death":183029,"minecraft:sprint_one_cm":185800,"minecraft:walk_one_cm":208181,"minecraft:damage_blocked_by_shield":120,"minecraft:drop":18,"minecraft:talked_to_villager":59,"minecraft:play_time":183029,"minecraft:sneak_time":13741,"minecraft:boat_one_cm":16158,"minecraft:jump":668,"minecraft:walk_on_water_one_cm":3314,"minecraft:total_world_time":183029,"minecraft:interact_with_furnace":29,"minecraft:traded_with_villager":22,"minecraft:time_since_rest":183029,"minecraft:damage_taken":90,"minecraft:damage_dealt":808,"minecraft:fly_one_cm":85248,"minecraft:open_chest":107,"minecraft:crouch_one_cm":57244,"minecraft:fall_one_cm":6703}},"DataVersion":3955}