{"stats":{"minecraft:killed":{"minecraft:spider":2,"minecraft:zombie":1},"minecraft:crafted":{"minecraft:oak_door":3,"minecraft:oak_planks":936,"minecraft:raw_iron":26,"minecraft:wooden_shovel":3,"minecraft:stone_shovel":2,"minecraft:crafting_table":2,"minecraft:wooden_pickaxe":2,"minecraft:furnace":1,"minecraft:pufferfish_bucket":4,"minecraft:stone_axe":2,"minecraft:air":0,"minecraft:beetroot_seeds":6,"minecraft:oak_boat":1,"minecraft:shield":1,"minecraft:iron_hoe":1,"minecraft:melon_seeds":2,"minecraft:slime_ball":9,"minecraft:stick":52,"minecraft:iron_ingot":74,"minecraft:iron_pickaxe":3,"minecraft:stone_pickaxe":9,"minecraft:wooden_axe":2,"minecraft:chest":2,"minecraft:torch":52,"minecraft:carrot":22},"minecraft:dropped":{"minecraft:moss_block":9,"minecraft:dripstone_block":2,"minecraft:cobblestone":64,"minecraft:torch":3,"minecraft:beetroot_seeds":6,"minecraft:wooden_axe":1,"minecraft:wooden_shovel":1},"minecraft:picked_up":{"minecraft:mud":210,"minecraft:crafting_table":2,"minecraft:clay_ball":200,"minecraft:water_bucket":2,"minecraft:andesite":54,"minecraft:oak_log":266,"minecraft:lapis_lazuli":66,"minecraft:dirt":652,"minecraft:string":4,"minecraft:raw_copper":72,"minecraft:apple":2,"minecraft:raw_gold":5,"minecraft:iron_ingot":29,"minecraft:oak_boat":1,"minecraft:moss_block":415,"minecraft:chest":4,"minecraft:oak_planks":20,"minecraft:furnace":1,"minecraft:stick":7,"minecraft:raw_iron":108,"minecraft:torch":6,"minecraft:dripstone_block":160,"minecraft:spruce_sapling":19,"minecraft:diorite":43,"minecraft:carrot":18,"minecraft:redstone":45,"minecraft:spider_eye":4,"minecraft:slime_ball":11,"minecraft:stone_axe":1,"minecraft:beetroot_seeds":12,"minecraft:granite":54,"minecraft:oak_sapling":13,"minecraft:melon_seeds":2,"minecraft:coal":158,"minecraft:cobblestone":603},"minecraft:used":{"minecraft:moss_block":29,"minecraft:water_bucket":42,"minecraft:stone_shovel":238,"minecraft:stone_pickaxe":1179,"minecraft:oak_planks":423,"minecraft:wooden_pickaxe":118,"minecraft:chest":6,"minecraft:shield":6,"minecraft:wooden_shovel":157,"minecraft:oak_door":2,"minecraft:torch":21,"minecraft:dirt":251,"minecraft:crafting_table":4,"minecraft:carrot":22,"minecraft:granite":11,"minecraft:iron_hoe":13,"minecraft:mud":48,"minecraft:wooden_axe":84,"minecraft:iron_pickaxe":395,"minecraft:stone_axe":117,"minecraft:pufferfish_bucket":4,"minecraft:oak_sapling":1,"minecraft:furnace":2,"minecraft:bucket":42,"minecraft:oak_boat":2},"minecraft:mined":{"minecraft:clay":36,"minecraft:crafting_table":2,"minecraft:granite":37,"minecraft:grass_block":482,"minecraft:chest":4,"minecraft:copper_ore":21,"minecraft:spruce_leaves":156,"minecraft:lapis_ore":11,"minecraft:moss_block":236,"minecraft:oak_planks":22,"minecraft:diorite":25,"minecraft:redstone_ore":10,"minecraft:furnace":1,"minecraft:mud":176,"minecraft:iron_ore":100,"minecraft:andesite":34,"minecraft:oak_log":272,"minecraft:coal_ore":100,"minecraft:dirt":29,"minecraft:dripstone_block":89,"minecraft:stone":386,"minecraft:gold_ore":5,"minecraft:oak_leaves":127},"minecraft:broken":{"minecraft:stone_pickaxe":9,"minecraft:wooden_shovel":2,"minecraft:iron_pickaxe":1,"minecraft:wooden_axe":1,"minecraft:stone_shovel":1,"minecraft:wooden_pickaxe":2},"minecraft:custom":{"minecraft:interact_with_furnace":16,"minecraft:mob_kills":3,"minecraft:traded_with_villager":18,"minecraft:interact_with_crafting_table":25,"minecraft:leave_game":2,"minecraft:time_since_death":121708,"minecraft:time_since_rest":121708,"minecraft:sprint_one_cm":119785,"minecraft:damage_taken":90,"minecraft:walk_one_cm":159898,"minecraft:damage_blocked_by_shield":120,"minecraft:drop":16,"minecraft:damage_dealt":538,"minecraft:talked_to_villager":36,"minecraft:fly_one_cm":38986,"minecraft:open_chest":46,"minecraft:crouch_one_cm":56585,"minecraft:play_time":121708,"minecraft:sneak_time":13354,"minecraft:boat_one_cm":16158,"minecraft:jump":384,"minecraft:walk_on_water_one_cm":3314,"minecraft:total_world_time":121708,"minecraft:fall_one_cm":3576}},"DataVersion":3955}