{"stats":{"minecraft:killed":{"minecraft:spider":2,"minecraft:zombie":1},"minecraft:crafted":{"minecraft:oak_door":3,"minecraft:oak_planks":936,"minecraft:raw_iron":26,"minecraft:wooden_shovel":3,"minecraft:stone_shovel":2,"minecraft:crafting_table":2,"minecraft:wooden_pickaxe":2,"minecraft:furnace":1,"minecraft:pufferfish_bucket":2,"minecraft:stone_axe":2,"minecraft:air":0,"minecraft:beetroot_seeds":6,"minecraft:oak_boat":1,"minecraft:shield":1,"minecraft:melon_seeds":2,"minecraft:slime_ball":9,"minecraft:stick":52,"minecraft:iron_ingot":65,"minecraft:iron_pickaxe":3,"minecraft:stone_pickaxe":9,"minecraft:wooden_axe":2,"minecraft:chest":2,"minecraft:torch":52,"minecraft:carrot":22},"minecraft:dropped":{"minecraft:moss_block":9,"minecraft:dripstone_block":2,"minecraft:cobblestone":64,"minecraft:torch":3,"minecraft:beetroot_seeds":6,"minecraft:wooden_axe":1,"minecraft:wooden_shovel":1},"minecraft:picked_up":{"minecraft:mud":198,"minecraft:crafting_table":2,"minecraft:clay_ball":112,"minecraft:water_bucket":2,"minecraft:andesite":40,"minecraft:oak_log":235,"minecraft:lapis_lazuli":4,"minecraft:dirt":601,"minecraft:string":4,"minecraft:apple":2,"minecraft:raw_gold":1,"minecraft:iron_ingot":29,"minecraft:oak_boat":1,"minecraft:moss_block":390,"minecraft:chest":4,"minecraft:oak_planks":20,"minecraft:furnace":1,"minecraft:stick":7,"minecraft:raw_iron":87,"minecraft:torch":6,"minecraft:dripstone_block":144,"minecraft:spruce_sapling":18,"minecraft:diorite":36,"minecraft:carrot":18,"minecraft:spider_eye":4,"minecraft:slime_ball":11,"minecraft:stone_axe":1,"minecraft:beetroot_seeds":12,"minecraft:granite":38,"minecraft:oak_sapling":11,"minecraft:melon_seeds":2,"minecraft:coal":133,"minecraft:cobblestone":549},"minecraft:used":{"minecraft:moss_block":29,"minecraft:water_bucket":17,"minecraft:stone_shovel":238,"minecraft:stone_pickaxe":1179,"minecraft:oak_planks":423,"minecraft:wooden_pickaxe":118,"minecraft:chest":6,"minecraft:shield":6,"minecraft:wooden_shovel":157,"minecraft:oak_door":2,"minecraft:torch":21,"minecraft:dirt":251,"minecraft:crafting_table":4,"minecraft:carrot":9,"minecraft:granite":11,"minecraft:mud":48,"minecraft:wooden_axe":84,"minecraft:iron_pickaxe":15,"minecraft:stone_axe":117,"minecraft:pufferfish_bucket":2,"minecraft:oak_sapling":1,"minecraft:furnace":2,"minecraft:bucket":17,"minecraft:oak_boat":2},"minecraft:mined":{"minecraft:clay":14,"minecraft:crafting_table":2,"minecraft:granite":21,"minecraft:grass_block":431,"minecraft:chest":4,"minecraft:spruce_leaves":137,"minecraft:lapis_ore":1,"minecraft:moss_block":211,"minecraft:oak_planks":22,"minecraft:diorite":18,"minecraft:furnace":1,"minecraft:mud":164,"minecraft:iron_ore":78,"minecraft:andesite":20,"minecraft:oak_log":241,"minecraft:coal_ore":75,"minecraft:dirt":29,"minecraft:dripstone_block":73,"minecraft:stone":332,"minecraft:gold_ore":1,"minecraft:oak_leaves":103},"minecraft:broken":{"minecraft:stone_pickaxe":9,"minecraft:wooden_shovel":2,"minecraft:wooden_axe":1,"minecraft:stone_shovel":1,"minecraft:wooden_pickaxe":2},"minecraft:custom":{"minecraft:interact_with_furnace":14,"minecraft:mob_kills":3,"minecraft:traded_with_villager":16,"minecraft:interact_with_crafting_table":23,"minecraft:leave_game":2,"minecraft:time_since_death":109708,"minecraft:time_since_rest":109708,"minecraft:sprint_one_cm":113928,"minecraft:damage_taken":90,"minecraft:walk_one_cm":150572,"minecraft:damage_blocked_by_shield":120,"minecraft:drop":16,"minecraft:damage_dealt":538,"minecraft:talked_to_villager":34,"minecraft:fly_one_cm":30078,"minecraft:open_chest":41,"minecraft:crouch_one_cm":56585,"minecraft:play_time":109708,"minecraft:sneak_time":13354,"minecraft:boat_one_cm":16158,"minecraft:jump":345,"minecraft:walk_on_water_one_cm":3314,"minecraft:total_world_time":109708,"minecraft:fall_one_cm":2891}},"DataVersion":3955}