{"stats":{"minecraft:dropped":{"minecraft:dirt":6},"minecraft:mined":{"minecraft:short_grass":3,"minecraft:grass_block":16,"minecraft:tall_grass":1},"minecraft:picked_up":{"minecraft:cobbled_deepslate":20,"minecraft:granite":4,"minecraft:dirt":16},"minecraft:killed":{"minecraft:spider":2,"minecraft:skeleton":2,"minecraft:bat":7,"minecraft:glow_squid":1,"minecraft:zombie":2,"minecraft:creeper":5},"minecraft:custom":{"minecraft:time_since_rest":6760,"minecraft:play_time":10945,"minecraft:sprint_one_cm":9019,"minecraft:deaths":1,"minecraft:walk_one_cm":10308,"minecraft:sneak_time":225,"minecraft:walk_under_water_one_cm":3397,"minecraft:mob_kills":20,"minecraft:drop":1,"minecraft:jump":71,"minecraft:leave_game":2,"minecraft:walk_on_water_one_cm":299,"minecraft:time_since_death":6723,"minecraft:total_world_time":10945,"minecraft:fall_one_cm":3100,"minecraft:fly_one_cm":150775},"minecraft:used":{"minecraft:dirt":22,"minecraft:flint_and_steel":2,"minecraft:command_block":1,"minecraft:wither_skeleton_spawn_egg":54}},"DataVersion":3955}