{"stats":{"minecraft:mined":{"minecraft:grass_block":61,"minecraft:oak_log":27,"minecraft:dirt":3,"minecraft:mud":7,"minecraft:spruce_leaves":5,"minecraft:moss_block":32,"minecraft:oak_leaves":4},"minecraft:used":{"minecraft:moss_block":3,"minecraft:wooden_axe":7,"minecraft:dirt":4,"minecraft:wooden_shovel":4},"minecraft:custom":{"minecraft:time_since_rest":37045,"minecraft:damage_taken":1034,"minecraft:crouch_one_cm":5374,"minecraft:play_time":54897,"minecraft:sprint_one_cm":100,"minecraft:walk_one_cm":55475,"minecraft:deaths":4,"minecraft:sneak_time":1268,"minecraft:boat_one_cm":14849,"minecraft:drop":9,"minecraft:jump":94,"minecraft:damage_dealt":112,"minecraft:leave_game":6,"minecraft:time_since_death":37008,"minecraft:total_world_time":54897,"minecraft:talked_to_villager":2,"minecraft:fly_one_cm":266},"minecraft:picked_up":{"minecraft:wooden_axe":1,"minecraft:mud":13,"minecraft:oak_log":32,"minecraft:wooden_shovel":1,"minecraft:oak_sapling":1,"minecraft:moss_block":32,"minecraft:dirt":61,"minecraft:cobblestone":12},"minecraft:dropped":{"minecraft:dirt":4,"minecraft:moss_block":5}},"DataVersion":3955}