{"stats":{"minecraft:used":{"minecraft:bedrock":66,"minecraft:dirt":1,"minecraft:barrier":50},"minecraft:custom":{"minecraft:time_since_rest":87279,"minecraft:crouch_one_cm":1835,"minecraft:sprint_one_cm":24592,"minecraft:play_time":87279,"minecraft:walk_one_cm":28759,"minecraft:sneak_time":872,"minecraft:drop":16,"minecraft:jump":156,"minecraft:damage_dealt":15,"minecraft:leave_game":8,"minecraft:time_since_death":87279,"minecraft:total_world_time":87279,"minecraft:fly_one_cm":74141},"minecraft:picked_up":{"minecraft:oak_log":1,"minecraft:moss_block":3,"minecraft:dirt":7,"minecraft:cobblestone":2},"minecraft:dropped":{"minecraft:barrier":1,"minecraft:cobblestone":2,"minecraft:dirt":8,"minecraft:moss_block":3,"minecraft:oak_log":1,"minecraft:bedrock":1}},"DataVersion":3955}