{"minecraft:recipes/decorations/crafting_table":{"criteria":{"unlock_right_away":"2024-09-28 23:25:40 +0000"},"done":true},"minecraft:adventure/root":{"criteria":{"killed_something":"2024-09-28 23:26:18 +0000"},"done":true},"minecraft:adventure/kill_all_mobs":{"criteria":{"minecraft:skeleton":"2024-09-28 23:26:18 +0000"},"done":false},"minecraft:adventure/kill_a_mob":{"criteria":{"minecraft:skeleton":"2024-09-28 23:26:18 +0000"},"done":true},"minecraft:adventure/adventuring_time":{"criteria":{"minecraft:savanna":"2024-09-28 23:25:41 +0000"},"done":false},"DataVersion":3955}